{
  "validade": {
    "proporcao_validade": 1.0
  },
  "dispersao": [
    2,
    1,
    1,
    1,
    2,
    1,
    1,
    1,
    1,
    1,
    1,
    1,
    1,
    2,
    1,
    1,
    1,
    1,
    1,
    2,
    1,
    1,
    1,
    2,
    2,
    1,
    1,
    1,
    1,
    2,
    1,
    1,
    2,
    1,
    1,
    2,
    2,
    1,
    1,
    2,
    2,
    1,
    1,
    1,
    2,
    1,
    3,
    1,
    2,
    1,
    1,
    1,
    1,
    2,
    1,
    2,
    2,
    1,
    1,
    1,
    1,
    1,
    1,
    1,
    1,
    1,
    2,
    1,
    1,
    1,
    1,
    2,
    2,
    1,
    1,
    1,
    1,
    1,
    2,
    1,
    1,
    1,
    1,
    1,
    1,
    1,
    2,
    1,
    2,
    1,
    1,
    1,
    1,
    1,
    2,
    1,
    2,
    2,
    2,
    2
  ],
  "proximidade": {
    "media_proximidade": {
      "count": 100.0,
      "mean": 1.0586776164160199,
      "std": 0.2955605950943775,
      "min": 0.020384688036400422,
      "25%": 1.0004240860573,
      "50%": 1.004297882209054,
      "75%": 1.1212842536589303,
      "max": 1.4227831305891276
    },
    "proximidades": [
      1.0037835457357853,
      1.001031059909497,
      1.0,
      1.0046181578362159,
      1.4148465907125918,
      1.0,
      0.03660681426156447,
      1.0,
      1.005272743380838,
      1.00853761476065,
      1.0029096776833162,
      1.0104918479948877,
      0.04421822100049846,
      1.0010532136536,
      1.0,
      1.0,
      1.0045212690720133,
      1.4142135623730951,
      1.0143000290979804,
      1.0076566694048084,
      1.0,
      1.0065646519127989,
      1.0,
      1.4155378479507053,
      1.4227831305891276,
      1.0035864011736648,
      1.0006306228493256,
      1.0097889717953967,
      1.0,
      1.4151623550118786,
      1.0057891623998954,
      1.0,
      1.0010034167500306,
      1.0,
      1.4142135623730951,
      1.41767013998823,
      1.4185217841443394,
      1.00068561041987,
      1.0102354616864138,
      1.418250070795506,
      1.420334560452421,
      1.002015883247054,
      1.0,
      1.008996056465461,
      1.009541292123624,
      1.0,
      1.4153226203392593,
      1.0041906643697238,
      1.4170947268774594,
      1.0034053226096018,
      1.000719816640336,
      1.0004702436454862,
      1.002706211677932,
      1.421720289115196,
      1.0,
      1.4179627823887073,
      1.4144143735976775,
      1.00223426905981,
      1.0,
      1.0010026610362592,
      0.0350272444749019,
      1.000660598362303,
      0.020384688036400422,
      1.008152341500304,
      1.000285613292741,
      1.0014138135560868,
      1.4198597168256577,
      1.0067051667110392,
      1.005013295862599,
      1.4142135623730951,
      1.4142135623730951,
      1.4170778070612629,
      1.4179101198190638,
      1.000878935223901,
      1.0,
      1.0005973032045588,
      1.0022804224277198,
      1.0010376080886272,
      1.416375535590827,
      1.0090140935224199,
      1.0044051000483845,
      1.0030287172748553,
      1.0,
      1.0,
      1.0089468952053573,
      1.0082580147397655,
      1.0083580193117883,
      1.0026783381615139,
      1.000586440980072,
      1.0073401181683401,
      1.0093918379921643,
      1.0,
      1.0,
      1.0085083306129385,
      1.4178015943933318,
      0.04637555288240156,
      1.4177979057166537,
      1.4181953010016317,
      1.4147309156883545,
      1.0236411507542087
    ]
  },
  "cerscore": {
    "custom_distance": 1.05867761641602,
    "Distance_1": 2.5,
    "Distance_2": 1.7300576342264768,
    "Distance_3": 1.6672808002191226,
    "Distance_4": 0.9518261252065576
  },
  "carla_distances": [
    {
      "Distance_1": 3.0,
      "Distance_2": 1.1214406697837482,
      "Distance_3": 1.0075814066899056,
      "Distance_4": 1.0
    },
    {
      "Distance_1": 2.0,
      "Distance_2": 1.0454222732096374,
      "Distance_3": 1.002063182903531,
      "Distance_4": 1.0
    },
    {
      "Distance_1": 2.0,
      "Distance_2": 2.0,
      "Distance_3": 2.0,
      "Distance_4": 1.0
    },
    {
      "Distance_1": 2.0,
      "Distance_2": 1.0962166464507679,
      "Distance_3": 1.0092576430542322,
      "Distance_4": 1.0
    },
    {
      "Distance_1": 4.0,
      "Distance_2": 3.042318734043497,
      "Distance_3": 3.0017908752510443,
      "Distance_4": 1.0
    },
    {
      "Distance_1": 2.0,
      "Distance_2": 2.0,
      "Distance_3": 2.0,
      "Distance_4": 1.0
    },
    {
      "Distance_1": 1.0,
      "Distance_2": 0.03660681426156447,
      "Distance_3": 0.00134005885038068,
      "Distance_4": 0.03660681426156447
    },
    {
      "Distance_1": 2.0,
      "Distance_2": 2.0,
      "Distance_3": 2.0,
      "Distance_4": 1.0
    },
    {
      "Distance_1": 2.0,
      "Distance_2": 1.102826497482099,
      "Distance_3": 1.010573288584436,
      "Distance_4": 1.0
    },
    {
      "Distance_1": 2.0,
      "Distance_2": 1.130950831945052,
      "Distance_3": 1.0171481203871013,
      "Distance_4": 1.0
    },
    {
      "Distance_1": 2.0,
      "Distance_2": 1.0763401702307047,
      "Distance_3": 1.005827821590853,
      "Distance_4": 1.0
    },
    {
      "Distance_1": 2.0,
      "Distance_2": 1.1452369610812736,
      "Distance_3": 1.0210937748641233,
      "Distance_4": 1.0
    },
    {
      "Distance_1": 1.0,
      "Distance_2": 0.04421822100049846,
      "Distance_3": 0.0019552510684489226,
      "Distance_4": 0.04421822100049846
    },
    {
      "Distance_1": 3.0,
      "Distance_2": 2.045907913982228,
      "Distance_3": 2.0021075365661996,
      "Distance_4": 1.0
    },
    {
      "Distance_1": 2.0,
      "Distance_2": 2.0,
      "Distance_3": 2.0,
      "Distance_4": 1.0
    },
    {
      "Distance_1": 2.0,
      "Distance_2": 2.0,
      "Distance_3": 2.0,
      "Distance_4": 1.0
    },
    {
      "Distance_1": 2.0,
      "Distance_2": 1.0951996849682193,
      "Distance_3": 1.0090629800180482,
      "Distance_4": 1.0
    },
    {
      "Distance_1": 3.0,
      "Distance_2": 3.0,
      "Distance_3": 3.0,
      "Distance_4": 1.0
    },
    {
      "Distance_1": 2.0,
      "Distance_2": 1.1697190296583273,
      "Distance_3": 1.028804549028164,
      "Distance_4": 1.0
    },
    {
      "Distance_1": 3.0,
      "Distance_2": 1.146338034327908,
      "Distance_3": 1.0153719633959912,
      "Distance_4": 1.0
    },
    {
      "Distance_1": 2.0,
      "Distance_2": 2.0,
      "Distance_3": 2.0,
      "Distance_4": 1.0
    },
    {
      "Distance_1": 2.0,
      "Distance_2": 1.1147710698753568,
      "Distance_3": 1.013172398480334,
      "Distance_4": 1.0
    },
    {
      "Distance_1": 2.0,
      "Distance_2": 2.0,
      "Distance_3": 2.0,
      "Distance_4": 1.0
    },
    {
      "Distance_1": 4.0,
      "Distance_2": 3.0612160026538318,
      "Distance_3": 3.003747398980914,
      "Distance_4": 1.0
    },
    {
      "Distance_1": 4.0,
      "Distance_2": 3.155922534256593,
      "Distance_3": 3.0243118366889985,
      "Distance_4": 1.0
    },
    {
      "Distance_1": 2.0,
      "Distance_2": 1.0847682996214285,
      "Distance_3": 1.0071856646207082,
      "Distance_4": 1.0
    },
    {
      "Distance_1": 2.0,
      "Distance_2": 1.0355196197027674,
      "Distance_3": 1.0012616433838293,
      "Distance_4": 1.0
    },
    {
      "Distance_1": 2.0,
      "Distance_2": 1.1402632081466992,
      "Distance_3": 1.0196737675596044,
      "Distance_4": 1.0
    },
    {
      "Distance_1": 2.0,
      "Distance_2": 2.0,
      "Distance_3": 2.0,
      "Distance_4": 1.0
    },
    {
      "Distance_1": 4.0,
      "Distance_2": 3.0518120742951496,
      "Distance_3": 3.002684491042766,
      "Distance_4": 1.0
    },
    {
      "Distance_1": 2.0,
      "Distance_2": 1.1077582442371958,
      "Distance_3": 1.011611839201083,
      "Distance_4": 1.0
    },
    {
      "Distance_1": 2.0,
      "Distance_2": 2.0,
      "Distance_3": 2.0,
      "Distance_4": 1.0
    },
    {
      "Distance_1": 3.0,
      "Distance_2": 1.0631365924711242,