{
  "validade": {
    "proporcao_validade": 1.0
  },
  "dispersao": [
    1,
    1
  ],
  "proximidade": {
    "media_proximidade": {
      "count": 2.0,
      "mean": 1.0020683657680474,
      "std": 0.0015781933470796984,
      "min": 1.0009524145503037,
      "25%": 1.0015103901591755,
      "50%": 1.0020683657680474,
      "75%": 1.002626341376919,
      "max": 1.0031843169857908
    },
    "proximidades": [
      1.0031843169857908,
      1.0009524145503037
    ]
  },
  "cerscore": {
    "new_distance": 1.0484394476083891,
    "Distance_1": 2.092448115348816,
    "Distance_2": 1.1116741034428472,
    "Distance_3": 1.050660829038093,
    "Distance_4": 1.046224057674408
  },
  "carla_distances": [
    {
      "Distance_1": 2.0,
      "Distance_2": 1.0798672263587994,
      "Distance_3": 1.0063787738462477,
      "Distance_4": 1.0
    },
    {
      "Distance_1": 2.0,
      "Distance_2": 1.0436547385066375,
      "Distance_3": 1.0019057361940829,
      "Distance_4": 1.0
    }
  ]
}
