{
  "validade": {
    "proporcao_validade": 0.99
  },
  "dispersao": [
    4,
    4,
    4,
    4,
    4,
    4,
    4,
    4,
    4,
    4,
    4,
    4,
    4,
    4,
    4,
    4,
    4,
    4,
    4,
    4,
    4,
    4,
    4,
    4,
    4,
    4,
    4,
    4,
    4,
    4,
    4,
    4,
    4,
    4,
    4,
    4,
    4,
    4,
    4,
    4,
    4,
    4,
    4,
    4,
    4,
    4,
    4,
    4,
    4,
    4,
    4,
    4,
    4,
    4,
    4,
    4,
    4,
    4,
    4,
    4,
    4,
    4,
    4,
    4,
    4,
    4,
    4,
    4,
    4,
    null,
    4,
    4,
    4,
    4,
    4,
    4,
    4,
    4,
    4,
    4,
    4,
    4,
    4,
    4,
    4,
    4,
    4,
    4,
    4,
    4,
    4,
    4,
    4,
    4,
    4,
    4,
    4,
    4,
    4,
    4
  ],
  "proximidade": {
    "media_proximidade": {
      "count": 99.0,
      "mean": 1.067737887047643,
      "std": 0.15455036866990018,
      "min": 1.0000024187823695,
      "25%": 1.000055912302122,
      "50%": 1.000123644909831,
      "75%": 1.000455205789474,
      "max": 1.4287183547594022
    },
    "proximidades": [
      1.0000231227999419,
      1.0000609636615705,
      1.0000595712139506,
      1.000071910743236,
      1.0001054585917326,
      1.000015522356328,
      1.0000024187823695,
      1.000069053639495,
      1.0000770167751993,
      1.0000869467644848,
      1.000046993084583,
      1.000030510227048,
      1.0000280126944034,
      1.0000911098321434,
      1.0001710931492769,
      1.4240259358740326,
      1.0003522666194553,
      1.0000245796904332,
      1.00007651318189,
      1.0000522533902936,
      1.0001094128230008,
      1.000013033751917,
      1.0001837906179554,
      1.0000771772530006,
      1.0000182518729315,
      1.0000455877837378,
      1.000012080680394,
      1.000081107776021,
      1.000005063801791,
      1.0000298947991737,
      1.0000710557088213,
      1.000086926119672,
      1.0000333300295483,
      1.0000692977091301,
      1.000079924000478,
      1.414223329448288,
      1.0000698695707255,
      1.0000611001286994,
      1.0000757100500333,
      1.4281330876233043,
      1.000437785245624,
      1.0002044533338803,
      1.0004969588063775,
      1.0011435267799265,
      1.000146877700122,
      1.4146126077107397,
      1.0001056010526748,
      1.421992028551874,
      1.4147678167954705,
      1.0008068931874603,
      1.0005143097714804,
      1.0001837500343063,
      1.0002189924501894,
      1.0002684339794912,
      1.4142444744016947,
      1.0000206873579394,
      1.0002066725186876,
      1.0002724006864063,
      1.0003703437408618,
      1.000324578624341,
      1.0002125582855645,
      1.0002446706435875,
      1.4143512752983871,
      1.0005398603903577,
      1.4252040096995695,
      1.0005628726701759,
      1.0000190109961589,
      1.0000297512859926,
      1.41437219599401,
      null,
      1.000123644909831,
      1.00018940540898,
      1.00040844402527,
      1.000472626333324,
      1.0002803571774195,
      1.0005402784303796,
      1.0000518742646662,
      1.4142210347989708,
      1.0000227047807835,
      1.000127893834878,
      1.000356490453926,
      1.000037430978567,
      1.4144717266954705,
      1.0000607743953094,
      1.4147507355055486,
      1.41422550895822,
      1.0000103996653598,
      1.0002632134126885,
      1.0000308654385053,
      1.000073291032954,
      1.414473683519511,
      1.0003958482874657,
      1.0049962654440994,
      1.0002731254723782,
      1.0001052834115987,
      1.0000295232664633,
      1.0000914601115682,
      1.4287183547594022,
      1.0000474590579744,
      1.0003754312713056
    ]
  },
  "cerscore": {
    "custom_distance": 1.0570605081771665,
    "Distance_1": 5.161616161616162,
    "Distance_2": 2.1991468994750814,
    "Distance_3": 2.163708741019674,
    "Distance_4": 1.0
  },
  "carla_distances": [
    {
      "Distance_1": 5.0,
      "Distance_2": 2.011644729537275,
      "Distance_3": 2.0000462461345476,
      "Distance_4": 1.0
    },
    {
      "Distance_1": 5.0,
      "Distance_2": 2.0176514014043336,
      "Distance_3": 2.000121931039709,
      "Distance_4": 1.0
    },
    {
      "Distance_1": 5.0,
      "Distance_2": 2.011629826218666,
      "Distance_3": 2.00011914597663,
      "Distance_4": 1.0
    },
    {
      "Distance_1": 5.0,
      "Distance_2": 2.019477264698729,
      "Distance_3": 2.000143826657627,
      "Distance_4": 1.0
    },
    {
      "Distance_1": 5.0,
      "Distance_2": 2.0181429385990515,
      "Distance_3": 2.0002109283049796,
      "Distance_4": 1.0
    },
    {
      "Distance_1": 5.0,
      "Distance_2": 2.0082890812150183,
      "Distance_3": 2.0000310449535994,
      "Distance_4": 1.0
    },
    {
      "Distance_1": 5.0,
      "Distance_2": 2.0032230172314183,
      "Distance_3": 2.000004837570589,
      "Distance_4": 1.0
    },
    {
      "Distance_1": 5.0,
      "Distance_2": 2.01938786181253,
      "Distance_3": 2.0001381120473947,
      "Distance_4": 1.0
    },
    {
      "Distance_1": 5.0,
      "Distance_2": 2.017484158738007,
      "Distance_3": 2.000154039481982,
      "Distance_4": 1.0
    },
    {
      "Distance_1": 5.0,
      "Distance_2": 2.0225747181399925,
      "Distance_3": 2.00017390108871,
      "Distance_4": 1.0
    },
    {
      "Distance_1": 5.0,
      "Distance_2": 2.013731238666851,
      "Distance_3": 2.000093988377516,
      "Distance_4": 1.0
    },
    {
      "Distance_1": 5.0,
      "Distance_2": 2.0103496170222743,
      "Distance_3": 2.00006102138497,
      "Distance_4": 1.0
    },
    {
      "Distance_1": 5.0,
      "Distance_2": 2.012679439151351,
      "Distance_3": 2.000056026173518,
      "Distance_4": 1.0
    },
    {
      "Distance_1": 5.0,
      "Distance_2": 2.0148511181939512,
      "Distance_3": 2.0001822279652886,
      "Distance_4": 1.0
    },
    {
      "Distance_1": 5.0,
      "Distance_2": 2.0283886640783226,
      "Distance_3": 2.0003422155714192,
      "Distance_4": 1.0
    },
    {
      "Distance_1": 6.0,
      "Distance_2": 3.2844450581653204,
      "Distance_3": 3.027849866041914,
      "Distance_4": 1.0
    },
    {
      "Distance_1": 5.0,
      "Distance_2": 2.0384048903897662,
      "Distance_3": 2.0007046573306813,
      "Distance_4": 1.0
    },
    {
      "Distance_1": 5.0,
      "Distance_2": 2.011378571772143,
      "Distance_3": 2.0000491599850276,
      "Distance_4": 1.0
    },
    {
      "Distance_1": 5.0,
      "Distance_2": 2.0211569719367386,
      "Distance_3": 2.000153032218047,
      "Distance_4": 1.0
    },
    {
      "Distance_1": 5.0,
      "Distance_2": 2.016525199844555,
      "Distance_3": 2.000104509511004,
      "Distance_4": 1.0
    },
    {
      "Distance_1": 5.0,
      "Distance_2": 2.021237411187608,
      "Distance_3": 2.000218837617167,
      "Distance_4": 1.0
    },
    {
      "Distance_1": 5.0,
      "Distance_2": 2.0081633390484175,
      "Distance_3": 2.000026067673712,
      "Distance_4": 1.0
    },
    {
      "Distance_1": 5.0,
      "Distance_2": 2.0331582973805484,
      "Distance_3": 2.000367615014902,
      "Distance_4": 1.0
    },
    {
      "Distance_1": 5.0,
      "Distance_2": 2.0181735091231943,
      "Distance_3": 2.0001543604623295,
      "Distance_4": 1.0
    },
    {
      "Distance_1": 5.0,
      "Distance_2": 2.009394566708291,
      "Distance_3": 2.000036504078994,
      "Distance_4": 1.0
    },
    {
      "Distance_1": 5.0,
      "Distance_2": 2.015514701014164,
      "Distance_3": 2.0000911776457215,
      "Distance_4": 1.0
    },
    {
      "Distance_1": 5.0,
      "Distance_2": 2.007063342273655,
      "Distance_3": 2.0000241615067305,
      "Distance_4": 1.0
    },
    {
      "Distance_1": 5.0,
      "Distance_2": 2.021296834789202,
      "Distance_3": 2.000162222130513,
      "Distance_4": 1.0
    },
    {
      "Distance_1": 5.0,
      "Distance_2": 2.004594276468732,
      "Distance_3": 2.0000101276292237,
      "Distance_4": 1.0
    },
    {
      "Distance_1": 5.0,